{"cameraMode":{"drawMode":0,"name":"Shaded","section":"Shading Mode"},"sceneLighting":false,"audioPlay":false,"sceneViewState":{"showFog":true,"showMaterialUpdate":false,"showSkybox":true,"showFlares":true,"showImageEffects":true,"showParticleSystems":true},"in2DMode":false,"pivot":{"x":29.697370529174806,"y":1.7619999647140504,"z":8.217000007629395},"rotation":{"x":0.1378684639930725,"y":0.009223975241184235,"z":-0.001283341320231557,"w":0.9904068112373352},"size":1.428942322731018,"orthographic":false}