{"cameraMode":{"drawMode":0,"name":"Shaded","section":"Shading Mode"},"sceneLighting":false,"audioPlay":false,"sceneViewState":{"showFog":true,"showMaterialUpdate":false,"showSkybox":true,"showFlares":true,"showImageEffects":true,"showParticleSystems":true},"in2DMode":false,"pivot":{"x":1.2874678373336793,"y":-0.9018906354904175,"z":0.0},"rotation":{"x":0.2344561368227005,"y":-0.48464182019233706,"z":0.13664540648460389,"w":0.8315532207489014},"size":2.912238597869873,"orthographic":false}