{"cameraMode":{"drawMode":0,"name":"Shaded","section":"Shading Mode"},"sceneLighting":true,"audioPlay":false,"sceneViewState":{"showFog":true,"showMaterialUpdate":false,"showSkybox":true,"showFlares":true,"showImageEffects":true,"showParticleSystems":true},"in2DMode":false,"pivot":{"x":44.75965118408203,"y":1.0543462038040162,"z":7.458587169647217},"rotation":{"x":0.15363095700740815,"y":0.6273060441017151,"z":-0.12804247438907624,"w":0.7526552081108093},"size":17.168222427368165,"orthographic":false}